TEST,,,,,
Sobel,CPU,1920x1080,956.292,1.04571,2026-09-19 00:12:08
Sobel,GPU Standard,1920x1080,527.43,1.89599,2026-09-19 00:12:09
Sobel,GPU Zero-copy,1920x1080,697.531,1.43363,2026-09-19 00:12:10
Blur,CPU,1920x1080,27.8925,35.8519,2026-09-19 00:12:16
Blur,GPU Standard,1920x1080,273.56,3.6555,2026-09-19 00:12:17
Blur,GPU Zero-copy,1920x1080,309.314,3.23296,2026-09-19 00:12:19
Erosion,CPU,1920x1080,24.2918,41.1662,2026-09-19 00:12:25
Erosion,GPU Standard,1920x1080,302.302,3.30795,2026-09-19 00:12:27
Erosion,GPU Zero-copy,1920x1080,342.316,2.92128,2026-09-19 00:12:28
Dilation,CPU,1920x1080,27.9907,35.7262,2026-09-19 00:12:34
Dilation,GPU Standard,1920x1080,304.794,3.28091,2026-09-19 00:12:35
Dilation,GPU Zero-copy,1920x1080,326.607,3.06179,2026-09-19 00:12:36
Translation,CPU,1920x1080,631.655,1.58314,2026-09-19 00:12:37
Translation,GPU Standard,1920x1080,617.216,1.62018,2026-09-19 00:12:38
Translation,GPU Zero-copy,1920x1080,797.276,1.25427,2026-09-19 00:12:39
Rotation,CPU,1920x1080,80.9036,12.3604,2026-09-19 00:12:42
Rotation,GPU Standard,1920x1080,359.749,2.77971,2026-09-19 00:12:43
Rotation,GPU Zero-copy,1920x1080,388.601,2.57333,2026-09-19 00:12:44
Scaling,CPU,1920x1080,85.0633,11.7559,2026-09-19 00:12:46
Scaling,GPU Standard,1920x1080,449.932,2.22256,2026-09-19 00:12:47
Scaling,GPU Zero-copy,1920x1080,551.021,1.81481,2026-09-19 00:12:48
TEST,,,,,
Sobel,CPU,1920x1080,946.64,1.05637,2026-09-19 00:13:51
Sobel,GPU Standard,1920x1080,543.548,1.83976,2026-09-19 00:13:52
Sobel,GPU Zero-copy,1920x1080,638.263,1.56675,2026-09-19 00:13:53
Blur,CPU,1920x1080,27.8854,35.861,2026-09-19 00:13:59
Blur,GPU Standard,1920x1080,274.243,3.6464,2026-09-19 00:14:00
Blur,GPU Zero-copy,1920x1080,304.299,3.28624,2026-09-19 00:14:01
Erosion,CPU,1920x1080,24.4956,40.8236,2026-09-19 00:14:08
Erosion,GPU Standard,1920x1080,311.241,3.21295,2026-09-19 00:14:09
Erosion,GPU Zero-copy,1920x1080,327.751,3.0511,2026-09-19 00:14:10
Dilation,CPU,1920x1080,27.9834,35.7355,2026-09-19 00:14:16
Dilation,GPU Standard,1920x1080,286.954,3.48487,2026-09-19 00:14:18
Dilation,GPU Zero-copy,1920x1080,331.504,3.01656,2026-09-19 00:14:19
Translation,CPU,1920x1080,624.811,1.60048,2026-09-19 00:14:20
Translation,GPU Standard,1920x1080,607.258,1.64675,2026-09-19 00:14:21
Translation,GPU Zero-copy,1920x1080,902.813,1.10765,2026-09-19 00:14:22
Rotation,CPU,1920x1080,80.2006,12.4687,2026-09-19 00:14:24
Rotation,GPU Standard,1920x1080,346.007,2.89012,2026-09-19 00:14:25
Rotation,GPU Zero-copy,1920x1080,427.091,2.34142,2026-09-19 00:14:27
Scaling,CPU,1920x1080,83.5027,11.9757,2026-09-19 00:14:29
Scaling,GPU Standard,1920x1080,452.786,2.20855,2026-09-19 00:14:30
Scaling,GPU Zero-copy,1920x1080,606.436,1.64898,2026-09-19 00:14:31
TEST,,,,,
Sobel,CPU,1920x1080,880.186,1.13612,2026-09-19 00:15:33
Sobel,GPU Standard,1920x1080,560.618,1.78375,2026-09-19 00:15:34
Sobel,GPU Zero-copy,1920x1080,670.039,1.49245,2026-09-19 00:15:35
Blur,CPU,1920x1080,27.853,35.9028,2026-09-19 00:15:41
Blur,GPU Standard,1920x1080,268.664,3.72212,2026-09-19 00:15:43
Blur,GPU Zero-copy,1920x1080,291.808,3.42692,2026-09-19 00:15:44
Erosion,CPU,1920x1080,24.4339,40.9268,2026-09-19 00:15:51
Erosion,GPU Standard,1920x1080,287.816,3.47444,2026-09-19 00:15:52
Erosion,GPU Zero-copy,1920x1080,331.166,3.01963,2026-09-19 00:15:53
Dilation,CPU,1920x1080,28.2948,35.3422,2026-09-19 00:15:59
Dilation,GPU Standard,1920x1080,287.883,3.47363,2026-09-19 00:16:00
Dilation,GPU Zero-copy,1920x1080,328.031,3.04849,2026-09-19 00:16:02
Translation,CPU,1920x1080,614.887,1.62632,2026-09-19 00:16:03
Translation,GPU Standard,1920x1080,645.38,1.54947,2026-09-19 00:16:04
Translation,GPU Zero-copy,1920x1080,898.929,1.11243,2026-09-19 00:16:04
Rotation,CPU,1920x1080,76.695,13.0387,2026-09-19 00:16:07
Rotation,GPU Standard,1920x1080,343.157,2.91412,2026-09-19 00:16:08
Rotation,GPU Zero-copy,1920x1080,393.668,2.54021,2026-09-19 00:16:09
Scaling,CPU,1920x1080,82.7114,12.0902,2026-09-19 00:16:12
Scaling,GPU Standard,1920x1080,443.455,2.25502,2026-09-19 00:16:13
Scaling,GPU Zero-copy,1920x1080,573.156,1.74473,2026-09-19 00:16:14
TEST,,,,,
Sobel,CPU,1920x1080,956.558,1.04541,2026-09-19 00:17:16
Sobel,GPU Standard,1920x1080,528.812,1.89103,2026-09-19 00:17:17
Sobel,GPU Zero-copy,1920x1080,650.621,1.53699,2026-09-19 00:17:18
Blur,CPU,1920x1080,27.5956,36.2377,2026-09-19 00:17:24
Blur,GPU Standard,1920x1080,259.994,3.84624,2026-09-19 00:17:25
Blur,GPU Zero-copy,1920x1080,297.951,3.35625,2026-09-19 00:17:27
Erosion,CPU,1920x1080,24.4196,40.9508,2026-09-19 00:17:33
Erosion,GPU Standard,1920x1080,297.097,3.36591,2026-09-19 00:17:35
Erosion,GPU Zero-copy,1920x1080,320.018,3.12483,2026-09-19 00:17:36
Dilation,CPU,1920x1080,27.8806,35.8673,2026-09-19 00:17:42
Dilation,GPU Standard,1920x1080,304.18,3.28753,2026-09-19 00:17:43
Dilation,GPU Zero-copy,1920x1080,323.238,3.0937,2026-09-19 00:17:44
Translation,CPU,1920x1080,617.97,1.6182,2026-09-19 00:17:45
Translation,GPU Standard,1920x1080,659.345,1.51666,2026-09-19 00:17:46
Translation,GPU Zero-copy,1920x1080,971.348,1.0295,2026-09-19 00:17:47
Rotation,CPU,1920x1080,78.9625,12.6642,2026-09-19 00:17:50
Rotation,GPU Standard,1920x1080,350.052,2.85672,2026-09-19 00:17:51
Rotation,GPU Zero-copy,1920x1080,425.545,2.34993,2026-09-19 00:17:52
Scaling,CPU,1920x1080,82.2702,12.1551,2026-09-19 00:17:54
Scaling,GPU Standard,1920x1080,485.911,2.05799,2026-09-19 00:17:56
Scaling,GPU Zero-copy,1920x1080,577.476,1.73167,2026-09-19 00:17:57
TEST,,,,,
Sobel,CPU,1920x1080,900.155,1.11092,2026-09-19 00:18:59
Sobel,GPU Standard,1920x1080,537.946,1.85892,2026-09-19 00:19:00
Sobel,GPU Zero-copy,1920x1080,646.456,1.5469,2026-09-19 00:19:01
Blur,CPU,1920x1080,27.6333,36.1882,2026-09-19 00:19:07
Blur,GPU Standard,1920x1080,271.567,3.68234,2026-09-19 00:19:08
Blur,GPU Zero-copy,1920x1080,297.784,3.35814,2026-09-19 00:19:10
Erosion,CPU,1920x1080,24.4527,40.8953,2026-09-19 00:19:16
Erosion,GPU Standard,1920x1080,281.94,3.54685,2026-09-19 00:19:18
Erosion,GPU Zero-copy,1920x1080,333.474,2.99873,2026-09-19 00:19:19
Dilation,CPU,1920x1080,28.0803,35.6122,2026-09-19 00:19:25
Dilation,GPU Standard,1920x1080,288.353,3.46797,2026-09-19 00:19:26
Dilation,GPU Zero-copy,1920x1080,319.857,3.12639,2026-09-19 00:19:27
Translation,CPU,1920x1080,606.707,1.64824,2026-09-19 00:19:28
Translation,GPU Standard,1920x1080,599.421,1.66828,2026-09-19 00:19:29
Translation,GPU Zero-copy,1920x1080,831.01,1.20335,2026-09-19 00:19:30
Rotation,CPU,1920x1080,80.5998,12.407,2026-09-19 00:19:33
Rotation,GPU Standard,1920x1080,343.914,2.9077,2026-09-19 00:19:34
Rotation,GPU Zero-copy,1920x1080,417.184,2.39703,2026-09-19 00:19:35
Scaling,CPU,1920x1080,85.0679,11.7553,2026-09-19 00:19:37
Scaling,GPU Standard,1920x1080,450.981,2.21739,2026-09-19 00:19:38
Scaling,GPU Zero-copy,1920x1080,561.257,1.78172,2026-09-19 00:19:39
TEST,,,,,
Sobel,CPU,1920x1080,914.085,1.09399,2026-09-19 00:20:42
Sobel,GPU Standard,1920x1080,512.749,1.95027,2026-09-19 00:20:43
Sobel,GPU Zero-copy,1920x1080,640.861,1.5604,2026-09-19 00:20:44
Blur,CPU,1920x1080,27.8174,35.9487,2026-09-19 00:20:50
Blur,GPU Standard,1920x1080,264.088,3.78661,2026-09-19 00:20:51
Blur,GPU Zero-copy,1920x1080,297.237,3.36432,2026-09-19 00:20:52
Erosion,CPU,1920x1080,24.3331,41.0963,2026-09-19 00:20:59
Erosion,GPU Standard,1920x1080,301.728,3.31425,2026-09-19 00:21:00
Erosion,GPU Zero-copy,1920x1080,324.676,3.08,2026-09-19 00:21:01
Dilation,CPU,1920x1080,28.2839,35.3559,2026-09-19 00:21:07
Dilation,GPU Standard,1920x1080,293.864,3.40294,2026-09-19 00:21:09
Dilation,GPU Zero-copy,1920x1080,323.726,3.08904,2026-09-19 00:21:10
Translation,CPU,1920x1080,628.98,1.58988,2026-09-19 00:21:11
Translation,GPU Standard,1920x1080,645.662,1.5488,2026-09-19 00:21:12
Translation,GPU Zero-copy,1920x1080,819.212,1.22069,2026-09-19 00:21:13
Rotation,CPU,1920x1080,82.2667,12.1556,2026-09-19 00:21:15
Rotation,GPU Standard,1920x1080,318.981,3.13499,2026-09-19 00:21:16
Rotation,GPU Zero-copy,1920x1080,392.315,2.54897,2026-09-19 00:21:17
Scaling,CPU,1920x1080,82.6572,12.0982,2026-09-19 00:21:20
Scaling,GPU Standard,1920x1080,478.225,2.09107,2026-09-19 00:21:21
Scaling,GPU Zero-copy,1920x1080,585.517,1.70789,2026-09-19 00:21:22
TEST,,,,,
Sobel,CPU,1920x1080,906.565,1.10306,2026-09-19 00:22:24
Sobel,GPU Standard,1920x1080,523.282,1.91102,2026-09-19 00:22:25
Sobel,GPU Zero-copy,1920x1080,610.465,1.6381,2026-09-19 00:22:26
Blur,CPU,1920x1080,27.8875,35.8583,2026-09-19 00:22:32
Blur,GPU Standard,1920x1080,270.061,3.70286,2026-09-19 00:22:33
Blur,GPU Zero-copy,1920x1080,285.578,3.50167,2026-09-19 00:22:35
Erosion,CPU,1920x1080,24.5908,40.6656,2026-09-19 00:22:41
Erosion,GPU Standard,1920x1080,300.966,3.32264,2026-09-19 00:22:43
Erosion,GPU Zero-copy,1920x1080,331.295,3.01846,2026-09-19 00:22:44
Dilation,CPU,1920x1080,27.9513,35.7765,2026-09-19 00:22:50
Dilation,GPU Standard,1920x1080,294.373,3.39705,2026-09-19 00:22:51
Dilation,GPU Zero-copy,1920x1080,324.222,3.08431,2026-09-19 00:22:52
Translation,CPU,1920x1080,583.216,1.71463,2026-09-19 00:22:53
Translation,GPU Standard,1920x1080,637.923,1.56759,2026-09-19 00:22:54
Translation,GPU Zero-copy,1920x1080,903.202,1.10717,2026-09-19 00:22:55
Rotation,CPU,1920x1080,79.1239,12.6384,2026-09-19 00:22:58
Rotation,GPU Standard,1920x1080,360.126,2.7768,2026-09-19 00:22:59
Rotation,GPU Zero-copy,1920x1080,395.27,2.52991,2026-09-19 00:23:00
Scaling,CPU,1920x1080,83.0229,12.0449,2026-09-19 00:23:02
Scaling,GPU Standard,1920x1080,463.545,2.15729,2026-09-19 00:23:03
Scaling,GPU Zero-copy,1920x1080,556.901,1.79565,2026-09-19 00:23:04
TEST,,,,,
Sobel,CPU,1920x1080,898.269,1.11325,2026-09-19 00:24:07
Sobel,GPU Standard,1920x1080,502.779,1.98895,2026-09-19 00:24:08
Sobel,GPU Zero-copy,1920x1080,617.282,1.62001,2026-09-19 00:24:09
Blur,CPU,1920x1080,27.9026,35.839,2026-09-19 00:24:15
Blur,GPU Standard,1920x1080,270.062,3.70285,2026-09-19 00:24:16
Blur,GPU Zero-copy,1920x1080,293.151,3.41121,2026-09-19 00:24:17
Erosion,CPU,1920x1080,24.4153,40.958,2026-09-19 00:24:24
Erosion,GPU Standard,1920x1080,291.642,3.42886,2026-09-19 00:24:25
Erosion,GPU Zero-copy,1920x1080,323.749,3.08881,2026-09-19 00:24:27
Dilation,CPU,1920x1080,28.0455,35.6563,2026-09-19 00:24:33
Dilation,GPU Standard,1920x1080,290.276,3.445,2026-09-19 00:24:34
Dilation,GPU Zero-copy,1920x1080,320.845,3.11677,2026-09-19 00:24:35
Translation,CPU,1920x1080,616.16,1.62296,2026-09-19 00:24:36
Translation,GPU Standard,1920x1080,628.617,1.59079,2026-09-19 00:24:37
Translation,GPU Zero-copy,1920x1080,944.553,1.0587,2026-09-19 00:24:38
Rotation,CPU,1920x1080,79.2519,12.618,2026-09-19 00:24:40
Rotation,GPU Standard,1920x1080,336.028,2.97594,2026-09-19 00:24:42
Rotation,GPU Zero-copy,1920x1080,414.775,2.41094,2026-09-19 00:24:43
Scaling,CPU,1920x1080,80.9862,12.3478,2026-09-19 00:24:45
Scaling,GPU Standard,1920x1080,450.062,2.22192,2026-09-19 00:24:46
Scaling,GPU Zero-copy,1920x1080,612.179,1.63351,2026-09-19 00:24:47
TEST,,,,,
Sobel,CPU,1920x1080,911.454,1.09715,2026-09-19 00:25:50
Sobel,GPU Standard,1920x1080,527.866,1.89442,2026-09-19 00:25:51
Sobel,GPU Zero-copy,1920x1080,640.467,1.56136,2026-09-19 00:25:52
Blur,CPU,1920x1080,27.9098,35.8297,2026-09-19 00:25:58
Blur,GPU Standard,1920x1080,266.191,3.7567,2026-09-19 00:25:59
Blur,GPU Zero-copy,1920x1080,311.557,3.20969,2026-09-19 00:26:00
Erosion,CPU,1920x1080,24.4411,40.9146,2026-09-19 00:26:07
Erosion,GPU Standard,1920x1080,298.751,3.34727,2026-09-19 00:26:08
Erosion,GPU Zero-copy,1920x1080,321.604,3.10941,2026-09-19 00:26:09
Dilation,CPU,1920x1080,28.2676,35.3762,2026-09-19 00:26:15
Dilation,GPU Standard,1920x1080,294.234,3.39865,2026-09-19 00:26:17
Dilation,GPU Zero-copy,1920x1080,313.361,3.19121,2026-09-19 00:26:18
Translation,CPU,1920x1080,627.328,1.59406,2026-09-19 00:26:19
Translation,GPU Standard,1920x1080,656.926,1.52224,2026-09-19 00:26:20
Translation,GPU Zero-copy,1920x1080,848.22,1.17894,2026-09-19 00:26:21
Rotation,CPU,1920x1080,79.6331,12.5576,2026-09-19 00:26:23
Rotation,GPU Standard,1920x1080,346.275,2.88788,2026-09-19 00:26:24
Rotation,GPU Zero-copy,1920x1080,396.081,2.52474,2026-09-19 00:26:25
Scaling,CPU,1920x1080,82.3387,12.145,2026-09-19 00:26:28
Scaling,GPU Standard,1920x1080,456.492,2.19062,2026-09-19 00:26:29
Scaling,GPU Zero-copy,1920x1080,627.223,1.59433,2026-09-19 00:26:30
TEST,,,,,
Sobel,CPU,1920x1080,955.489,1.04658,2026-09-19 00:27:32
Sobel,GPU Standard,1920x1080,489.782,2.04172,2026-09-19 00:27:33
Sobel,GPU Zero-copy,1920x1080,644.127,1.55249,2026-09-19 00:27:34
Blur,CPU,1920x1080,27.4244,36.4639,2026-09-19 00:27:40
Blur,GPU Standard,1920x1080,267.899,3.73275,2026-09-19 00:27:42
Blur,GPU Zero-copy,1920x1080,303.792,3.29172,2026-09-19 00:27:43
Erosion,CPU,1920x1080,24.1166,41.4651,2026-09-19 00:27:50
Erosion,GPU Standard,1920x1080,303.458,3.29535,2026-09-19 00:27:51
Erosion,GPU Zero-copy,1920x1080,332.823,3.0046,2026-09-19 00:27:52
Dilation,CPU,1920x1080,28.2159,35.441,2026-09-19 00:27:58
Dilation,GPU Standard,1920x1080,293.783,3.40387,2026-09-19 00:27:59
Dilation,GPU Zero-copy,1920x1080,323.502,3.09117,2026-09-19 00:28:01
Translation,CPU,1920x1080,586.031,1.7064,2026-09-19 00:28:02
Translation,GPU Standard,1920x1080,649.13,1.54052,2026-09-19 00:28:03
Translation,GPU Zero-copy,1920x1080,895.726,1.11641,2026-09-19 00:28:03
Rotation,CPU,1920x1080,79.964,12.5056,2026-09-19 00:28:06
Rotation,GPU Standard,1920x1080,361.36,2.76733,2026-09-19 00:28:07
Rotation,GPU Zero-copy,1920x1080,405.278,2.46744,2026-09-19 00:28:08
Scaling,CPU,1920x1080,82.3836,12.1383,2026-09-19 00:28:11
Scaling,GPU Standard,1920x1080,453.87,2.20327,2026-09-19 00:28:12
Scaling,GPU Zero-copy,1920x1080,559.751,1.78651,2026-09-19 00:28:13
TEST,,,,,
Sobel,CPU,1920x1080,880.833,1.13529,2026-09-19 00:29:15
Sobel,GPU Standard,1920x1080,492.762,2.02938,2026-09-19 00:29:16
Sobel,GPU Zero-copy,1920x1080,617.917,1.61834,2026-09-19 00:29:17
Blur,CPU,1920x1080,27.9222,35.8139,2026-09-19 00:29:23
Blur,GPU Standard,1920x1080,262.071,3.81576,2026-09-19 00:29:24
Blur,GPU Zero-copy,1920x1080,301.835,3.31307,2026-09-19 00:29:26
Erosion,CPU,1920x1080,24.5709,40.6986,2026-09-19 00:29:32
Erosion,GPU Standard,1920x1080,294.572,3.39475,2026-09-19 00:29:34
Erosion,GPU Zero-copy,1920x1080,320.358,3.1215,2026-09-19 00:29:35
Dilation,CPU,1920x1080,27.9952,35.7204,2026-09-19 00:29:41
Dilation,GPU Standard,1920x1080,292.168,3.42269,2026-09-19 00:29:42
Dilation,GPU Zero-copy,1920x1080,318.363,3.14107,2026-09-19 00:29:43
Translation,CPU,1920x1080,660.577,1.51383,2026-09-19 00:29:44
Translation,GPU Standard,1920x1080,649.209,1.54033,2026-09-19 00:29:45
Translation,GPU Zero-copy,1920x1080,815.913,1.22562,2026-09-19 00:29:46
Rotation,CPU,1920x1080,79.1774,12.6299,2026-09-19 00:29:49
Rotation,GPU Standard,1920x1080,339.224,2.9479,2026-09-19 00:29:50
Rotation,GPU Zero-copy,1920x1080,423.593,2.36076,2026-09-19 00:29:51
Scaling,CPU,1920x1080,82.389,12.1375,2026-09-19 00:29:53
Scaling,GPU Standard,1920x1080,452.471,2.21009,2026-09-19 00:29:54
Scaling,GPU Zero-copy,1920x1080,618.576,1.61662,2026-09-19 00:29:55
TEST,,,,,
Sobel,CPU,1920x1080,982.647,1.01766,2026-09-19 00:30:58
Sobel,GPU Standard,1920x1080,516.348,1.93668,2026-09-19 00:30:59
Sobel,GPU Zero-copy,1920x1080,668.93,1.49492,2026-09-19 00:31:00
Blur,CPU,1920x1080,27.5285,36.326,2026-09-19 00:31:06
Blur,GPU Standard,1920x1080,272.673,3.66739,2026-09-19 00:31:07
Blur,GPU Zero-copy,1920x1080,299.031,3.34413,2026-09-19 00:31:08
Erosion,CPU,1920x1080,24.2125,41.301,2026-09-19 00:31:15
Erosion,GPU Standard,1920x1080,291.31,3.43277,2026-09-19 00:31:16
Erosion,GPU Zero-copy,1920x1080,322.114,3.1045,2026-09-19 00:31:18
Dilation,CPU,1920x1080,28.0764,35.617,2026-09-19 00:31:23
Dilation,GPU Standard,1920x1080,290.988,3.43657,2026-09-19 00:31:25
Dilation,GPU Zero-copy,1920x1080,317.284,3.15175,2026-09-19 00:31:26
Translation,CPU,1920x1080,617.029,1.62067,2026-09-19 00:31:27
Translation,GPU Standard,1920x1080,629.438,1.58872,2026-09-19 00:31:28
Translation,GPU Zero-copy,1920x1080,904.674,1.10537,2026-09-19 00:31:29
Rotation,CPU,1920x1080,80.6717,12.3959,2026-09-19 00:31:31
Rotation,GPU Standard,1920x1080,348.695,2.86783,2026-09-19 00:31:32
Rotation,GPU Zero-copy,1920x1080,433.006,2.30944,2026-09-19 00:31:34
Scaling,CPU,1920x1080,81.7952,12.2257,2026-09-19 00:31:36
Scaling,GPU Standard,1920x1080,466.562,2.14334,2026-09-19 00:31:37
Scaling,GPU Zero-copy,1920x1080,545.835,1.83206,2026-09-19 00:31:38
TEST,,,,,
Sobel,CPU,1920x1080,919.088,1.08804,2026-09-19 00:32:40
Sobel,GPU Standard,1920x1080,531.564,1.88124,2026-09-19 00:32:41
Sobel,GPU Zero-copy,1920x1080,630.422,1.58624,2026-09-19 00:32:42
Blur,CPU,1920x1080,27.8689,35.8823,2026-09-19 00:32:48
Blur,GPU Standard,1920x1080,260.884,3.83312,2026-09-19 00:32:50
Blur,GPU Zero-copy,1920x1080,294.471,3.39592,2026-09-19 00:32:51
Erosion,CPU,1920x1080,24.3187,41.1205,2026-09-19 00:32:58
Erosion,GPU Standard,1920x1080,293.383,3.40851,2026-09-19 00:32:59
Erosion,GPU Zero-copy,1920x1080,327.142,3.05677,2026-09-19 00:33:00
Dilation,CPU,1920x1080,28.2472,35.4018,2026-09-19 00:33:06
Dilation,GPU Standard,1920x1080,290.478,3.4426,2026-09-19 00:33:07
Dilation,GPU Zero-copy,1920x1080,323.863,3.08773,2026-09-19 00:33:09
Translation,CPU,1920x1080,661.136,1.51255,2026-09-19 00:33:10
Translation,GPU Standard,1920x1080,608.209,1.64417,2026-09-19 00:33:11
Translation,GPU Zero-copy,1920x1080,910.653,1.09811,2026-09-19 00:33:12
Rotation,CPU,1920x1080,79.867,12.5208,2026-09-19 00:33:14
Rotation,GPU Standard,1920x1080,357.11,2.80026,2026-09-19 00:33:15
Rotation,GPU Zero-copy,1920x1080,400.289,2.49819,2026-09-19 00:33:16
Scaling,CPU,1920x1080,81.1888,12.317,2026-09-19 00:33:19
Scaling,GPU Standard,1920x1080,464.661,2.15211,2026-09-19 00:33:20
Scaling,GPU Zero-copy,1920x1080,544.491,1.83658,2026-09-19 00:33:21
TEST,,,,,
Sobel,CPU,1920x1080,905.922,1.10385,2026-09-19 00:34:23
Sobel,GPU Standard,1920x1080,547.142,1.82768,2026-09-19 00:34:24
Sobel,GPU Zero-copy,1920x1080,617.351,1.61982,2026-09-19 00:34:25
Blur,CPU,1920x1080,27.8809,35.8669,2026-09-19 00:34:31
Blur,GPU Standard,1920x1080,269.764,3.70694,2026-09-19 00:34:32
Blur,GPU Zero-copy,1920x1080,298.371,3.35153,2026-09-19 00:34:34
Erosion,CPU,1920x1080,24.334,41.0948,2026-09-19 00:34:41
Erosion,GPU Standard,1920x1080,306.167,3.26619,2026-09-19 00:34:42
Erosion,GPU Zero-copy,1920x1080,330.342,3.02717,2026-09-19 00:34:43
Dilation,CPU,1920x1080,28.3012,35.3341,2026-09-19 00:34:49
Dilation,GPU Standard,1920x1080,290.29,3.44483,2026-09-19 00:34:50
Dilation,GPU Zero-copy,1920x1080,333.383,2.99955,2026-09-19 00:34:51
Translation,CPU,1920x1080,603.656,1.65657,2026-09-19 00:34:52
Translation,GPU Standard,1920x1080,617.604,1.61916,2026-09-19 00:34:53
Translation,GPU Zero-copy,1920x1080,956.099,1.04592,2026-09-19 00:34:54
Rotation,CPU,1920x1080,82.4506,12.1285,2026-09-19 00:34:57
Rotation,GPU Standard,1920x1080,337.462,2.9633,2026-09-19 00:34:58
Rotation,GPU Zero-copy,1920x1080,390.991,2.5576,2026-09-19 00:34:59
Scaling,CPU,1920x1080,83.052,12.0406,2026-09-19 00:35:01
Scaling,GPU Standard,1920x1080,429.188,2.32998,2026-09-19 00:35:02
Scaling,GPU Zero-copy,1920x1080,543.122,1.84121,2026-09-19 00:35:04
TEST,,,,,
Sobel,CPU,1920x1080,927.639,1.07801,2026-09-19 00:44:17
Sobel,GPU Standard,1920x1080,523.563,1.90999,2026-09-19 00:44:18
Sobel,GPU Zero-copy,1920x1080,678.784,1.47322,2026-09-19 00:44:19
Blur,CPU,1920x1080,27.9999,35.7145,2026-09-19 00:44:25
Blur,GPU Standard,1920x1080,273.642,3.65442,2026-09-19 00:44:27
Blur,GPU Zero-copy,1920x1080,298.814,3.34657,2026-09-19 00:44:28
Erosion,CPU,1920x1080,24.4446,40.9089,2026-09-19 00:44:35
Erosion,GPU Standard,1920x1080,312.639,3.19858,2026-09-19 00:44:36
Erosion,GPU Zero-copy,1920x1080,320.835,3.11686,2026-09-19 00:44:37
Dilation,CPU,1920x1080,28.1699,35.4989,2026-09-19 00:44:43
Dilation,GPU Standard,1920x1080,300.091,3.33233,2026-09-19 00:44:44
Dilation,GPU Zero-copy,1920x1080,320.471,3.12041,2026-09-19 00:44:46
Translation,CPU,1920x1080,642.753,1.55581,2026-09-19 00:44:47
Translation,GPU Standard,1920x1080,613.75,1.62933,2026-09-19 00:44:48
Translation,GPU Zero-copy,1920x1080,846.602,1.18119,2026-09-19 00:44:48
Rotation,CPU,1920x1080,80.3178,12.4505,2026-09-19 00:44:51
Rotation,GPU Standard,1920x1080,357.306,2.79872,2026-09-19 00:44:52
Rotation,GPU Zero-copy,1920x1080,403.603,2.47768,2026-09-19 00:44:53
Scaling,CPU,1920x1080,83.3314,12.0003,2026-09-19 00:44:56
Scaling,GPU Standard,1920x1080,421.684,2.37144,2026-09-19 00:44:57
Scaling,GPU Zero-copy,1920x1080,544.818,1.83547,2026-09-19 00:44:58
TEST,,,,,
Sobel,CPU,1920x1080,918.714,1.08848,2026-09-19 00:46:00
Sobel,GPU Standard,1920x1080,529.637,1.88809,2026-09-19 00:46:01
Sobel,GPU Zero-copy,1920x1080,647.781,1.54373,2026-09-19 00:46:02
Blur,CPU,1920x1080,27.7907,35.9832,2026-09-19 00:46:08
Blur,GPU Standard,1920x1080,267.015,3.74511,2026-09-19 00:46:09
Blur,GPU Zero-copy,1920x1080,290.261,3.44518,2026-09-19 00:46:11
Erosion,CPU,1920x1080,24.2766,41.1919,2026-09-19 00:46:17
Erosion,GPU Standard,1920x1080,300.132,3.33187,2026-09-19 00:46:19
Erosion,GPU Zero-copy,1920x1080,315.873,3.16583,2026-09-19 00:46:20
Dilation,CPU,1920x1080,27.9253,35.8098,2026-09-19 00:46:26
Dilation,GPU Standard,1920x1080,291.175,3.43436,2026-09-19 00:46:27
Dilation,GPU Zero-copy,1920x1080,332.592,3.00669,2026-09-19 00:46:28
Translation,CPU,1920x1080,656.271,1.52376,2026-09-19 00:46:29
Translation,GPU Standard,1920x1080,602.446,1.6599,2026-09-19 00:46:30
Translation,GPU Zero-copy,1920x1080,981.151,1.01921,2026-09-19 00:46:31
Rotation,CPU,1920x1080,79.214,12.624,2026-09-19 00:46:34
Rotation,GPU Standard,1920x1080,358.716,2.78772,2026-09-19 00:46:35
Rotation,GPU Zero-copy,1920x1080,402.001,2.48756,2026-09-19 00:46:36
Scaling,CPU,1920x1080,81.9263,12.2061,2026-09-19 00:46:38
Scaling,GPU Standard,1920x1080,472.134,2.11804,2026-09-19 00:46:39
Scaling,GPU Zero-copy,1920x1080,540.756,1.84926,2026-09-19 00:46:40
TEST,,,,,
Sobel,CPU,1920x1080,931.002,1.07411,2026-09-19 00:47:43
Sobel,GPU Standard,1920x1080,529.873,1.88724,2026-09-19 00:47:44
Sobel,GPU Zero-copy,1920x1080,689.009,1.45136,2026-09-19 00:47:45
Blur,CPU,1920x1080,27.8348,35.9262,2026-09-19 00:47:51
Blur,GPU Standard,1920x1080,270.124,3.70201,2026-09-19 00:47:52
Blur,GPU Zero-copy,1920x1080,295.401,3.38523,2026-09-19 00:47:53
Erosion,CPU,1920x1080,24.4241,40.9431,2026-09-19 00:48:00
Erosion,GPU Standard,1920x1080,291.361,3.43217,2026-09-19 00:48:01
Erosion,GPU Zero-copy,1920x1080,322.43,3.10145,2026-09-19 00:48:03
Dilation,CPU,1920x1080,27.8955,35.8481,2026-09-19 00:48:08
Dilation,GPU Standard,1920x1080,305.385,3.27456,2026-09-19 00:48:10
Dilation,GPU Zero-copy,1920x1080,320.284,3.12222,2026-09-19 00:48:11
Translation,CPU,1920x1080,610.837,1.6371,2026-09-19 00:48:12
Translation,GPU Standard,1920x1080,645.593,1.54896,2026-09-19 00:48:13
Translation,GPU Zero-copy,1920x1080,932.675,1.07218,2026-09-19 00:48:14
Rotation,CPU,1920x1080,81.1717,12.3196,2026-09-19 00:48:16
Rotation,GPU Standard,1920x1080,358.401,2.79017,2026-09-19 00:48:17
Rotation,GPU Zero-copy,1920x1080,424.153,2.35764,2026-09-19 00:48:19
Scaling,CPU,1920x1080,83.5732,11.9656,2026-09-19 00:48:21
Scaling,GPU Standard,1920x1080,456.88,2.18876,2026-09-19 00:48:22
Scaling,GPU Zero-copy,1920x1080,633.409,1.57876,2026-09-19 00:48:23
TEST,,,,,
Sobel,CPU,1920x1080,939.939,1.0639,2026-09-19 00:49:25
Sobel,GPU Standard,1920x1080,551.223,1.81415,2026-09-19 00:49:26
Sobel,GPU Zero-copy,1920x1080,651.236,1.53554,2026-09-19 00:49:27
Blur,CPU,1920x1080,27.7996,35.9718,2026-09-19 00:49:33
Blur,GPU Standard,1920x1080,272.734,3.66658,2026-09-19 00:49:34
Blur,GPU Zero-copy,1920x1080,298.824,3.34645,2026-09-19 00:49:36
Erosion,CPU,1920x1080,24.3712,41.0321,2026-09-19 00:49:43
Erosion,GPU Standard,1920x1080,296.386,3.37397,2026-09-19 00:49:44
Erosion,GPU Zero-copy,1920x1080,325.65,3.07078,2026-09-19 00:49:45
Dilation,CPU,1920x1080,27.8548,35.9005,2026-09-19 00:49:51
Dilation,GPU Standard,1920x1080,289.823,3.45038,2026-09-19 00:49:52
Dilation,GPU Zero-copy,1920x1080,341.914,2.92471,2026-09-19 00:49:54
Translation,CPU,1920x1080,605.772,1.65079,2026-09-19 00:49:54
Translation,GPU Standard,1920x1080,644.453,1.5517,2026-09-19 00:49:55
Translation,GPU Zero-copy,1920x1080,982.996,1.0173,2026-09-19 00:49:56
Rotation,CPU,1920x1080,79.3348,12.6048,2026-09-19 00:49:59
Rotation,GPU Standard,1920x1080,348.468,2.8697,2026-09-19 00:50:00
Rotation,GPU Zero-copy,1920x1080,395.5,2.52845,2026-09-19 00:50:01
Scaling,CPU,1920x1080,82.4638,12.1265,2026-09-19 00:50:03
Scaling,GPU Standard,1920x1080,446.286,2.24072,2026-09-19 00:50:05
Scaling,GPU Zero-copy,1920x1080,577.693,1.73102,2026-09-19 00:50:06
TEST,,,,,
Sobel,CPU,1920x1080,962.778,1.03866,2026-09-19 00:51:08
Sobel,GPU Standard,1920x1080,539.752,1.8527,2026-09-19 00:51:09
Sobel,GPU Zero-copy,1920x1080,661.597,1.51149,2026-09-19 00:51:10
Blur,CPU,1920x1080,28.0748,35.6191,2026-09-19 00:51:16
Blur,GPU Standard,1920x1080,265.378,3.76821,2026-09-19 00:51:17
Blur,GPU Zero-copy,1920x1080,301.179,3.32028,2026-09-19 00:51:18
Erosion,CPU,1920x1080,24.4115,40.9643,2026-09-19 00:51:25
Erosion,GPU Standard,1920x1080,297.946,3.35631,2026-09-19 00:51:26
Erosion,GPU Zero-copy,1920x1080,333.895,2.99495,2026-09-19 00:51:28
Dilation,CPU,1920x1080,28.0496,35.6511,2026-09-19 00:51:34
Dilation,GPU Standard,1920x1080,292.564,3.41805,2026-09-19 00:51:35
Dilation,GPU Zero-copy,1920x1080,325.989,3.06759,2026-09-19 00:51:36
Translation,CPU,1920x1080,626.649,1.59579,2026-09-19 00:51:37
Translation,GPU Standard,1920x1080,606.405,1.64906,2026-09-19 00:51:38
Translation,GPU Zero-copy,1920x1080,903.254,1.10711,2026-09-19 00:51:39
Rotation,CPU,1920x1080,81.1226,12.327,2026-09-19 00:51:41
Rotation,GPU Standard,1920x1080,357.483,2.79734,2026-09-19 00:51:42
Rotation,GPU Zero-copy,1920x1080,396.19,2.52404,2026-09-19 00:51:44
Scaling,CPU,1920x1080,82.4397,12.1301,2026-09-19 00:51:46
Scaling,GPU Standard,1920x1080,446.377,2.24026,2026-09-19 00:51:47
Scaling,GPU Zero-copy,1920x1080,577.489,1.73163,2026-09-19 00:51:48
TEST,,,,,
Sobel,CPU,1920x1080,938.271,1.06579,2026-09-19 14:41:29
Sobel,GPU Standard,1920x1080,566.735,1.76449,2026-09-19 14:41:30
Sobel,GPU Zero-copy,1920x1080,677.494,1.47603,2026-09-19 14:41:31
Blur,CPU,1920x1080,27.6862,36.119,2026-09-19 14:41:37
Blur,GPU Standard,1920x1080,269.628,3.70882,2026-09-19 14:41:38
Blur,GPU Zero-copy,1920x1080,300.834,3.32409,2026-09-19 14:41:40
Erosion,CPU,1920x1080,24.3448,41.0765,2026-09-19 14:41:46
Erosion,GPU Standard,1920x1080,301.297,3.31899,2026-09-19 14:41:48
Erosion,GPU Zero-copy,1920x1080,327.066,3.05749,2026-09-19 14:41:49
Dilation,CPU,1920x1080,28.0404,35.6628,2026-09-19 14:41:55
Dilation,GPU Standard,1920x1080,293.001,3.41296,2026-09-19 14:41:56
Dilation,GPU Zero-copy,1920x1080,338.193,2.95689,2026-09-19 14:41:57
Translation,CPU,1920x1080,596.948,1.67519,2026-09-19 14:41:58
Translation,GPU Standard,1920x1080,637.935,1.56756,2026-09-19 14:41:59
Translation,GPU Zero-copy,1920x1080,861.413,1.16088,2026-09-19 14:42:00
Rotation,CPU,1920x1080,79.4857,12.5809,2026-09-19 14:42:02
Rotation,GPU Standard,1920x1080,365.663,2.73476,2026-09-19 14:42:04
Rotation,GPU Zero-copy,1920x1080,396.955,2.51918,2026-09-19 14:42:05
Scaling,CPU,1920x1080,84.847,11.7859,2026-09-19 14:42:07
Scaling,GPU Standard,1920x1080,459.629,2.17567,2026-09-19 14:42:08
Scaling,GPU Zero-copy,1920x1080,516.223,1.93715,2026-09-19 14:42:09
TEST,,,,,
Sobel,CPU,1920x1080,932.101,1.07284,2026-09-19 14:45:05
Sobel,GPU Standard,1920x1080,556.03,1.79846,2026-09-19 14:45:06
Sobel,GPU Zero-copy,1920x1080,648.397,1.54227,2026-09-19 14:45:07
Blur,CPU,1920x1080,27.9204,35.8161,2026-09-19 14:45:13
Blur,GPU Standard,1920x1080,260.335,3.84121,2026-09-19 14:45:15
Blur,GPU Zero-copy,1920x1080,298.841,3.34626,2026-09-19 14:45:16
Erosion,CPU,1920x1080,24.4369,40.9217,2026-09-19 14:45:23
Erosion,GPU Standard,1920x1080,292.23,3.42197,2026-09-19 14:45:24
Erosion,GPU Zero-copy,1920x1080,331.226,3.01909,2026-09-19 14:45:25
Dilation,CPU,1920x1080,28.2791,35.3618,2026-09-19 14:45:31
Dilation,GPU Standard,1920x1080,295.81,3.38055,2026-09-19 14:45:32
Dilation,GPU Zero-copy,1920x1080,339.7,2.94378,2026-09-19 14:45:33
Translation,CPU,1920x1080,572.87,1.7456,2026-09-19 14:45:34
Translation,GPU Standard,1920x1080,668.514,1.49585,2026-09-19 14:45:35
Translation,GPU Zero-copy,1920x1080,830.864,1.20357,2026-09-19 14:45:36
Rotation,CPU,1920x1080,80.2211,12.4656,2026-09-19 14:45:39
Rotation,GPU Standard,1920x1080,355.891,2.80985,2026-09-19 14:45:40
Rotation,GPU Zero-copy,1920x1080,425.457,2.35041,2026-09-19 14:45:41
Scaling,CPU,1920x1080,85.2888,11.7249,2026-09-19 14:45:43
Scaling,GPU Standard,1920x1080,441.336,2.26585,2026-09-19 14:45:44
Scaling,GPU Zero-copy,1920x1080,571.332,1.7503,2026-09-19 14:45:45
TEST,,,,,
Sobel,CPU,1920x1080,929.149,1.07625,2026-09-19 14:46:48
Sobel,GPU Standard,1920x1080,541.813,1.84565,2026-09-19 14:46:49
Sobel,GPU Zero-copy,1920x1080,678.082,1.47475,2026-09-19 14:46:50
Blur,CPU,1920x1080,27.5982,36.2343,2026-09-19 14:46:56
Blur,GPU Standard,1920x1080,260.242,3.84258,2026-09-19 14:46:57
Blur,GPU Zero-copy,1920x1080,299.507,3.33882,2026-09-19 14:46:58
Erosion,CPU,1920x1080,24.3521,41.0641,2026-09-19 14:47:05
Erosion,GPU Standard,1920x1080,298.026,3.35541,2026-09-19 14:47:07
Erosion,GPU Zero-copy,1920x1080,332.683,3.00587,2026-09-19 14:47:08
Dilation,CPU,1920x1080,28.2011,35.4596,2026-09-19 14:47:14
Dilation,GPU Standard,1920x1080,294.451,3.39615,2026-09-19 14:47:15
Dilation,GPU Zero-copy,1920x1080,335.121,2.984,2026-09-19 14:47:16
Translation,CPU,1920x1080,641.183,1.55962,2026-09-19 14:47:17
Translation,GPU Standard,1920x1080,660.132,1.51485,2026-09-19 14:47:18
Translation,GPU Zero-copy,1920x1080,860.241,1.16247,2026-09-19 14:47:19
Rotation,CPU,1920x1080,79.7094,12.5456,2026-09-19 14:47:21
Rotation,GPU Standard,1920x1080,338.241,2.95647,2026-09-19 14:47:23
Rotation,GPU Zero-copy,1920x1080,382.422,2.61491,2026-09-19 14:47:24
Scaling,CPU,1920x1080,83.8882,11.9206,2026-09-19 14:47:26
Scaling,GPU Standard,1920x1080,457.517,2.18571,2026-09-19 14:47:27
Scaling,GPU Zero-copy,1920x1080,514.272,1.9445,2026-09-19 14:47:28
TEST,,,,,
Sobel,CPU,1920x1080,907.145,1.10236,2026-09-19 14:48:31
Sobel,GPU Standard,1920x1080,525.63,1.90248,2026-09-19 14:48:32
Sobel,GPU Zero-copy,1920x1080,659.999,1.51515,2026-09-19 14:48:33
Blur,CPU,1920x1080,28.112,35.5719,2026-09-19 14:48:39
Blur,GPU Standard,1920x1080,271.179,3.68761,2026-09-19 14:48:40
Blur,GPU Zero-copy,1920x1080,298.386,3.35136,2026-09-19 14:48:41
Erosion,CPU,1920x1080,24.443,40.9116,2026-09-19 14:48:48
Erosion,GPU Standard,1920x1080,292.403,3.41994,2026-09-19 14:48:49
Erosion,GPU Zero-copy,1920x1080,324.558,3.08112,2026-09-19 14:48:50
Dilation,CPU,1920x1080,27.6162,36.2107,2026-09-19 14:48:56
Dilation,GPU Standard,1920x1080,289.607,3.45295,2026-09-19 14:48:58
Dilation,GPU Zero-copy,1920x1080,329.586,3.03411,2026-09-19 14:48:59
Translation,CPU,1920x1080,618.451,1.61694,2026-09-19 14:49:00
Translation,GPU Standard,1920x1080,666.057,1.50137,2026-09-19 14:49:01
Translation,GPU Zero-copy,1920x1080,953.166,1.04913,2026-09-19 14:49:02
Rotation,CPU,1920x1080,80.2826,12.456,2026-09-19 14:49:04
Rotation,GPU Standard,1920x1080,346.805,2.88347,2026-09-19 14:49:05
Rotation,GPU Zero-copy,1920x1080,401.096,2.49317,2026-09-19 14:49:07
Scaling,CPU,1920x1080,84.5668,11.825,2026-09-19 14:49:09
Scaling,GPU Standard,1920x1080,466.294,2.14457,2026-09-19 14:49:10
Scaling,GPU Zero-copy,1920x1080,576.399,1.73491,2026-09-19 14:49:11
TEST,,,,,
Sobel,CPU,1920x1080,939.559,1.06433,2026-09-19 14:54:12
Sobel,GPU Standard,1920x1080,511.37,1.95553,2026-09-19 14:54:13
Sobel,GPU Zero-copy,1920x1080,686.438,1.4568,2026-09-19 14:54:13
Blur,CPU,1920x1080,27.5797,36.2586,2026-09-19 14:54:20
Blur,GPU Standard,1920x1080,273.371,3.65803,2026-09-19 14:54:21
Blur,GPU Zero-copy,1920x1080,311.244,3.21292,2026-09-19 14:54:22
Erosion,CPU,1920x1080,24.2029,41.3174,2026-09-19 14:54:29
Erosion,GPU Standard,1920x1080,301.963,3.31166,2026-09-19 14:54:30
Erosion,GPU Zero-copy,1920x1080,346.99,2.88193,2026-09-19 14:54:31
Dilation,CPU,1920x1080,27.8278,35.9353,2026-09-19 14:54:37
Dilation,GPU Standard,1920x1080,298.074,3.35488,2026-09-19 14:54:39
Dilation,GPU Zero-copy,1920x1080,327.318,3.05513,2026-09-19 14:54:40
Translation,CPU,1920x1080,564.66,1.77098,2026-09-19 14:54:41
Translation,GPU Standard,1920x1080,610.477,1.63806,2026-09-19 14:54:42
Translation,GPU Zero-copy,1920x1080,829.716,1.20523,2026-09-19 14:54:43
Rotation,CPU,1920x1080,79.9213,12.5123,2026-09-19 14:54:45
Rotation,GPU Standard,1920x1080,352.204,2.83926,2026-09-19 14:54:46
Rotation,GPU Zero-copy,1920x1080,400.697,2.49565,2026-09-19 14:54:48
Scaling,CPU,1920x1080,80.5044,12.4217,2026-09-19 14:54:50
Scaling,GPU Standard,1920x1080,445.334,2.2455,2026-09-19 14:54:51
Scaling,GPU Zero-copy,1920x1080,571.459,1.74991,2026-09-19 14:54:52
TEST,,,,,
Sobel,CPU,1920x1080,942.938,1.06052,2026-09-19 14:55:55
Sobel,GPU Standard,1920x1080,530.968,1.88335,2026-09-19 14:55:56
Sobel,GPU Zero-copy,1920x1080,646.021,1.54794,2026-09-19 14:55:56
Blur,CPU,1920x1080,27.3364,36.5813,2026-09-19 14:56:03
Blur,GPU Standard,1920x1080,263.464,3.79558,2026-09-19 14:56:04
Blur,GPU Zero-copy,1920x1080,299.784,3.33574,2026-09-19 14:56:05
Erosion,CPU,1920x1080,24.1587,41.393,2026-09-19 14:56:12
Erosion,GPU Standard,1920x1080,294.565,3.39483,2026-09-19 14:56:13
Erosion,GPU Zero-copy,1920x1080,331.107,3.02017,2026-09-19 14:56:15
Dilation,CPU,1920x1080,27.7599,36.0231,2026-09-19 14:56:21
Dilation,GPU Standard,1920x1080,282.909,3.5347,2026-09-19 14:56:22
Dilation,GPU Zero-copy,1920x1080,319.164,3.13319,2026-09-19 14:56:23
Translation,CPU,1920x1080,557.785,1.7928,2026-09-19 14:56:24
Translation,GPU Standard,1920x1080,621.446,1.60915,2026-09-19 14:56:25
Translation,GPU Zero-copy,1920x1080,943.333,1.06007,2026-09-19 14:56:26
Rotation,CPU,1920x1080,80.8882,12.3627,2026-09-19 14:56:28
Rotation,GPU Standard,1920x1080,336.088,2.97541,2026-09-19 14:56:30
Rotation,GPU Zero-copy,1920x1080,408.333,2.44898,2026-09-19 14:56:31
Scaling,CPU,1920x1080,82.3908,12.1373,2026-09-19 14:56:33
Scaling,GPU Standard,1920x1080,413.468,2.41857,2026-09-19 14:56:34
Scaling,GPU Zero-copy,1920x1080,550.403,1.81685,2026-09-19 14:56:35
